category_group,price,median_income,median_home_value,median_age,pct_bachelors,pct_prime_gym_age,total_pop,competition_1km,competition_3km,market_gap,gym_density_per_1k,income_per_competitor,is_thriving,id,name,zip_code,latitude,longitude
general_gym,0,170500.0,980300.0,38.9,21.770403759470604,12.7937086410281,10427.0,4,11,22233.333333333332,0.47952431188261246,14208.333333333334,1.0,g5_H-U7ek51C1tT1ep4igQ,Alpine Fitness,84004,40.448977,-111.779317
martial_arts,0,120330.0,630300.0,28.0,18.986592373324047,23.54344419293052,57430.0,0,17,67605.0,0.3308375413546927,6685.0,1.0,Sig-hMr7IhYV6YrEf2AIcQ,Paul Tom's Academy Of Mixed Martial Arts,84003,40.3797684,-111.8134232
mind_body,0,105649.0,536100.0,27.8,16.987011900529144,23.627465333695856,47813.0,4,16,75313.33333333333,0.2928073954782172,6214.64705882353,1.0,MouzQUyysutTwqSJ8ePO4w,Mountain West Pilates,84062,40.354262699332565,-111.7398412
other,0,129852.0,607500.0,26.9,18.539427537051704,24.45864916845797,88390.0,7,12,93995.65217391304,0.24889693404231247,9988.615384615385,1.0,M7mIbSQr7ZVnuJrZ3IQFUA,Momentum Indoor Climbing- Lehi,84043,40.382834,-111.834659
martial_arts,0,129852.0,607500.0,26.9,18.539427537051704,24.45864916845797,88390.0,9,13,93995.65217391304,0.24889693404231247,9275.142857142857,1.0,keOfImau8Bc5WGb60JwsSA,Legends Boxing - Lehi,84043,40.389004375754205,-111.83570423679453
general_gym,0,120330.0,630300.0,28.0,18.986592373324047,23.54344419293052,57430.0,4,16,67605.0,0.3308375413546927,7078.235294117647,1.0,FwnhsULy6VYnxbPC3ETv3Q,The Training Room,84003,40.361566,-111.78352
general_gym,0,120330.0,630300.0,28.0,18.986592373324047,23.54344419293052,57430.0,6,13,67605.0,0.3308375413546927,8595.0,0.0,f5k6pzG_rbJWLcVJOlfMTw,Anytime Fitness,84003,40.43385,-111.78549
general_gym,0,120330.0,630300.0,28.0,18.986592373324047,23.54344419293052,57430.0,5,17,67605.0,0.3308375413546927,6685.0,0.0,zTkUGAYV8xgKThXZz-aR2A,VASA Fitness,84003,40.371746,-111.782269
general_gym,0,129852.0,607500.0,26.9,18.539427537051704,24.45864916845797,88390.0,1,3,93995.65217391304,0.24889693404231247,32463.0,0.0,wedeiyVwcdLpkqksIkpMbQ,VASA Fitness - Lehi,84043,40.430043304978575,-111.82307222667929
other,2,115515.0,659900.0,41.1,24.097964638157897,18.493009868421055,38912.0,4,15,39977.77777777778,0.4368832236842105,7219.6875,1.0,oN6AlSFFdKoVbajK9_QG8Q,The Anatomy of Wellness,84121,40.6251747,-111.8207605
mind_body,0,106732.0,528700.0,36.5,19.111498891191335,21.372741483985894,27507.0,2,25,45223.07692307692,0.4362525902497546,4105.076923076923,1.0,GyMHs8PiJ417GbqD65zcTw,Mountain Yoga Sandy,84094,40.581649659582894,-111.85228631901076
martial_arts,0,105142.0,482500.0,34.5,12.977974915876414,21.211889466707454,39228.0,1,19,37822.72727272727,0.5353319057815846,5257.1,1.0,lkv46KzWibb2AU55gi-ZRA,Absolute MMA,84088,40.6099,-111.93048
personal_training,0,75954.0,434300.0,33.1,16.5726657934832,31.530833177407715,37411.0,1,11,117960.0,0.24057095506669163,6329.5,1.0,_CSPFr9GieWI0AHd7ogdyg,Big Mountain Barbell,84047,40.6121199,-111.911007
mind_body,0,105649.0,536100.0,27.8,16.987011900529144,23.627465333695856,47813.0,1,22,75313.33333333333,0.2928073954782172,4593.434782608696,1.0,4Na1GPIGUAMWuw9x-ABOjg,Purify Wellness Center,84062,40.35095178486144,-111.76098355998916
other,0,128910.0,784800.0,34.3,20.65316838378615,19.990850869167428,50278.0,5,15,43699.99999999999,0.43756712677513027,8056.875,1.0,hQdXK2Oe7pH3WCOzFvLQjQ,Neighborhood Acupuncture and Healing Arts,84020,40.52259968172675,-111.86464929833544
martial_arts,0,78991.0,461900.0,32.3,14.882515095825678,23.601995274350223,30472.0,5,24,44950.0,0.4922551850879496,3159.64,1.0,W_sW-1gmb4kw7T7CccYZcg,Westwind Karate Schools,84070,40.579011,-111.874025
other,0,78991.0,461900.0,32.3,14.882515095825678,23.601995274350223,30472.0,2,16,44950.0,0.4922551850879496,4646.529411764706,1.0,UTMSiLFDOTwtqaH2k2eD6w,Momentum Indoor Climbing- Sandy,84070,40.564417706467005,-111.897902
martial_arts,0,126968.0,718200.0,39.1,19.50586525485311,16.529118654624728,38532.0,0,16,30328.571428571428,0.5190491020450535,7468.705882352941,1.0,ckiv88p9G9RpfMJq5dYHIg,Unified Brazilian Jiu Jitsu,84095,40.5616157,-111.9227193
martial_arts,0,138556.0,698900.0,40.8,22.872942063591807,13.430522391185958,23871.0,3,18,35622.22222222222,0.3351346822504294,7292.421052631579,1.0,wrTChy7IJ9ysqxGzUZvIag,Personal Mastery Martial Arts,84093,40.5931945,-111.83078077916794
mind_body,0,126968.0,718200.0,39.1,19.50586525485311,16.529118654624728,38532.0,1,16,30328.571428571428,0.5190491020450535,7468.705882352941,1.0,ZCj4QbfqB_czH-Gc_CuDuA,Evolve Wellness Collective,84095,40.562785,-111.903721
martial_arts,0,75954.0,434300.0,33.1,16.5726657934832,31.530833177407715,37411.0,2,11,117960.0,0.24057095506669163,6329.5,1.0,5-BvKiwXYRr7UB2hr4_Kpw,WestWind Karate,84047,40.619881,-111.899476
general_gym,0,78991.0,461900.0,32.3,14.882515095825678,23.601995274350223,30472.0,2,19,44950.0,0.4922551850879496,3949.55,1.0,mWbxSuoaJufpbQ2_CbI8GQ,Orangetheory Fitness,84070,40.56487,-111.89016
mind_body,0,115515.0,659900.0,41.1,24.097964638157897,18.493009868421055,38912.0,5,19,39977.77777777778,0.4368832236842105,5775.75,1.0,QTvSe8eQ_720rBlKp_O1Ww,Yoga Sunné,84121,40.623697,-111.826592
mind_body,0,129852.0,607500.0,26.9,18.539427537051704,24.45864916845797,88390.0,9,14,93995.65217391304,0.24889693404231247,8656.8,1.0,4_MyAmae-ZQ4AKbwue4iTg,Mindpose,84043,40.38821141606656,-111.8446784
other,0,115515.0,659900.0,41.1,24.097964638157897,18.493009868421055,38912.0,0,19,39977.77777777778,0.4368832236842105,5775.75,1.0,ZfPeORlTE_Bcj1cl8_7QaA,Awaken Studios,84121,40.639136,-111.855087
personal_training,0,128910.0,784800.0,34.3,20.65316838378615,19.990850869167428,50278.0,2,12,43699.99999999999,0.43756712677513027,9916.153846153846,1.0,qWZgkbOAxnpyx75PUpg7gw,Collin Willis Fitness,84020,40.50364,-111.8984059
mind_body,0,128910.0,784800.0,34.3,20.65316838378615,19.990850869167428,50278.0,2,14,43699.99999999999,0.43756712677513027,8594.0,1.0,NW_n4LKv1ihlf8MMHUHnHQ,Cradle Your Soul Yoga & Massage,84020,40.5274184,-111.8973735
mind_body,0,129852.0,607500.0,26.9,18.539427537051704,24.45864916845797,88390.0,1,3,93995.65217391304,0.24889693404231247,32463.0,1.0,B67jt2aW5FvcmwIG19P3Sg,Club Pilates,84043,40.4332726738586,-111.8804735
martial_arts,0,115515.0,659900.0,41.1,24.097964638157897,18.493009868421055,38912.0,1,22,39977.77777777778,0.4368832236842105,5022.391304347826,1.0,ckRQQHtO550JF9JmYq1i5g,TITLE Boxing Club,84121,40.609318,-111.832133
other,0,75954.0,434300.0,33.1,16.5726657934832,31.530833177407715,37411.0,2,11,117960.0,0.24057095506669163,6329.5,1.0,atNDyoeFAkQzl3BhtismTA,Shao Long Academy of Chinese Martial Arts,84047,40.6248341,-111.9016698
general_gym,0,75954.0,434300.0,33.1,16.5726657934832,31.530833177407715,37411.0,2,21,117960.0,0.24057095506669163,3452.4545454545455,1.0,KyToP5E4YwwNSGWBKMjKRA,Orangetheory Fitness,84047,40.6248833713755,-111.855084531006
personal_training,0,128910.0,784800.0,34.3,20.65316838378615,19.990850869167428,50278.0,7,13,43699.99999999999,0.43756712677513027,9207.857142857143,1.0,4iPOgVdlbphwq6XwMw0mVQ,Planet Fitness,84020,40.5288971,-111.8606257
other,0,151500.0,764800.0,43.2,21.35546634841416,12.509493327546926,27651.0,0,3,49414.285714285725,0.21699034392969513,37875.0,1.0,bbrUrlZFj8HUHRv-SunsYg,Stillwell Spa,84092,40.591248,-111.632414
general_gym,0,130331.0,613100.0,23.7,16.63254749169033,20.605780448612123,45429.0,5,10,55064.70588235295,0.3521979352396047,11848.272727272728,1.0,IGeXNYIE2AKDBxJUASeO4w,Anytime Fitness,84045,40.387930241512,-111.908042427672
mind_body,0,130331.0,613100.0,23.7,16.63254749169033,20.605780448612123,45429.0,6,10,55064.70588235295,0.3521979352396047,11848.272727272728,1.0,gb4y9xIPunBeY9N4CS1Z5Q,YogaVega,84045,40.385607,-111.914655
general_gym,0,130331.0,613100.0,23.7,16.63254749169033,20.605780448612123,45429.0,6,10,55064.70588235295,0.3521979352396047,11848.272727272728,0.0,OdmBJUxHCNEbVKknAs_caw,Vasa Fitness - Saratoga Springs,84045,40.386091875502274,-111.91477663422482
general_gym,0,126968.0,718200.0,39.1,19.50586525485311,16.529118654624728,38532.0,3,21,30328.571428571428,0.5190491020450535,5771.272727272727,1.0,PQ598DloUsKXAm59zvwULw,Orangetheory Fitness,84095,40.5425,-111.9809
mind_body,0,126968.0,718200.0,39.1,19.50586525485311,16.529118654624728,38532.0,3,21,30328.571428571428,0.5190491020450535,5771.272727272727,1.0,AMupsdwhvpzt0NPoE16YOg,Suvita Hot Yoga South Jordan,84095,40.5418192,-111.9807949
martial_arts,0,122881.0,586800.0,29.7,16.3840596222672,23.319437556130453,74603.0,4,20,124264.28571428572,0.1742557269814887,5851.476190476191,1.0,LUpahPVj4PPjx16HJZay-A,Legends Boxing - Riverton,84096,40.523884,-111.9869487
martial_arts,0,105142.0,482500.0,34.5,12.977974915876414,21.211889466707454,39228.0,2,16,37822.72727272727,0.5353319057815846,6184.823529411765,1.0,CKfaS2VWHYu3KYMzitXa9A,Championship Martial Arts,84088,40.58872940883538,-111.9569723185938
martial_arts,0,122881.0,586800.0,29.7,16.3840596222672,23.319437556130453,74603.0,5,9,124264.28571428572,0.1742557269814887,12288.1,1.0,cJFIgSJW55gbzaTFybwgxA,Bobby Lawrence Karate,84096,40.51168,-112.02562
general_gym,0,126968.0,718200.0,39.1,19.50586525485311,16.529118654624728,38532.0,4,19,30328.571428571428,0.5190491020450535,6348.4,0.0,P795GZKU4xQEhUpr1ecxgQ,EōS Fitness,84095,40.55932,-111.97322
martial_arts,0,122881.0,586800.0,29.7,16.3840596222672,23.319437556130453,74603.0,3,16,124264.28571428572,0.1742557269814887,7228.294117647059,1.0,WOeVx7k4iEC6sTwtlRitWQ,Rumble Boxing,84096,40.50841599606977,-111.99818008703308
general_gym,0,126968.0,718200.0,39.1,19.50586525485311,16.529118654624728,38532.0,4,15,30328.571428571428,0.5190491020450535,7935.5,0.0,QYUflwESFmst9e3-lbYW9Q,VASA Fitness - South Jordan,84095,40.5603617714957,-111.9792338872595
general_gym,0,128192.0,632100.0,34.3,16.644342893161046,18.113772455089823,50768.0,2,6,65685.71428571429,0.25606681374093915,18313.14285714286,0.0,JCAN-9h2kbDYqnt27AzyFQ,VASA Fitness - Riverton,84065,40.521017,-111.940329
general_gym,0,122881.0,586800.0,29.7,16.3840596222672,23.319437556130453,74603.0,5,9,124264.28571428572,0.1742557269814887,12288.1,0.0,TSwe3X4vG4VBEto-9tai5Q,VASA Fitness - Herriman,84096,40.50967,-112.02465
mind_body,0,102445.0,526300.0,32.8,19.112030893302897,22.3848435066459,46871.0,14,23,47690.90909090909,0.4480382325958482,4268.541666666667,1.0,kHhEHmunSB7cYSZeFQo3Cg,Infusion Yoga & Pilates,84010,40.8838857,-111.8871721
personal_training,0,102445.0,526300.0,32.8,19.112030893302897,22.3848435066459,46871.0,13,23,47690.90909090909,0.4480382325958482,4268.541666666667,1.0,6S_AGvxCWfnPc3IAhE0cyw,Orangetheory Fitness,84010,40.883925,-111.882582
martial_arts,0,101860.0,505500.0,32.6,17.620219190337732,20.912547528517113,22355.0,1,12,51944.44444444445,0.35786177588906287,7835.384615384615,1.0,AfTnp-dfdrfFKlKAV7TEeg,Jeon's World Martial Arts,84054,40.8515893,-111.9118372
general_gym,0,102445.0,526300.0,32.8,19.112030893302897,22.3848435066459,46871.0,1,24,47690.90909090909,0.4480382325958482,4097.8,0.0,PrmP4BcjzTL6PHCx8Mp6gw,South Davis Recreation Center,84010,40.8953397,-111.883583
personal_training,0,72735.0,499300.0,31.8,23.89937106918239,48.15051700245176,9381.0,7,46,19639.130434782608,2.3451657605798957,1547.5531914893618,1.0,U32L76cQU5ALKveCK9yi6w,Unite Fitness Retreat,84101,40.766872,-111.901104
mind_body,0,52952.0,440200.0,32.6,25.77843842904084,44.10107964324832,12782.0,15,55,37580.0,1.095290251916758,945.5714285714286,1.0,J6gCLztYZ9eW2Q16Yqdvgg,Salt Lake Power Yoga,84111,40.762481,-111.88385
mind_body,0,52952.0,440200.0,32.6,25.77843842904084,44.10107964324832,12782.0,15,55,37580.0,1.095290251916758,945.5714285714286,1.0,mt399YvS9tpeUfJbtHZa3w,PEAK 45,84111,40.76282250102699,-111.88405327531088
general_gym,0,72735.0,499300.0,31.8,23.89937106918239,48.15051700245176,9381.0,14,44,19639.130434782608,2.3451657605798957,1616.3333333333333,1.0,wzHhnR12LZtQwiJ09h1Q9g,Salt Lake City Crossfit,84101,40.755946,-111.907846
other,0,72735.0,499300.0,31.8,23.89937106918239,48.15051700245176,9381.0,19,47,19639.130434782608,2.3451657605798957,1515.3125,1.0,SKxT_n9Ms2DUc3IWMy8KlQ,Mcycle,84101,40.760108,-111.901675
other,0,61425.0,359600.0,33.6,8.663535439795048,23.441502988898375,23420.0,2,42,109800.0,0.1707941929974381,1428.4883720930231,1.0,ucwOem5C_JcD7JrikTlhjg,Glow,84104,40.7500965996555,-111.9123272
mind_body,0,101551.0,567900.0,35.4,25.624059296282624,29.804333626785564,35213.0,15,53,28364.864864864863,1.0223497003947406,1880.5740740740741,1.0,Bb8-oxlLt88UlrzK6wQlaQ,Lila Studio,84106,40.725663,-111.863229
general_gym,0,102445.0,526300.0,32.8,19.112030893302897,22.3848435066459,46871.0,9,22,47690.90909090909,0.4480382325958482,4454.130434782609,0.0,Li6CtwWPTXLlE6c2SgdGkg,VASA Fitness - Bountiful,84010,40.875152,-111.886589
mind_body,0,120854.0,838600.0,33.6,22.885216614560072,29.28539526574363,22390.0,5,16,72855.55555555556,0.35730236712818225,7109.058823529412,1.0,SV4gDjI8DWU5eiAKcmV6tw,CorePower Yoga - Foothill,84108,40.73873495543427,-111.82538895826644
climbing_outdoor,0,72735.0,499300.0,31.8,23.89937106918239,48.15051700245176,9381.0,15,48,19639.130434782608,2.3451657605798957,1484.3877551020407,1.0,dV6X2M5H_Y3Tk2L-OKToIQ,Bouldering Project - The Granary,84101,40.75495,-111.90287
mind_body,0,52952.0,440200.0,32.6,25.77843842904084,44.10107964324832,12782.0,9,62,37580.0,1.095290251916758,840.5079365079365,1.0,3KzaIg4IidGPwJkSr5NQTA,Maven Strong,84111,40.75012657565747,-111.88660744306968
other,0,101551.0,567900.0,35.4,25.624059296282624,29.804333626785564,35213.0,10,53,28364.864864864863,1.0223497003947406,1880.5740740740741,1.0,0o0C5BCQWSPdu38vkj7OkA,Rebel House,84106,40.722452744906654,-111.87144754070454
mind_body,0,99562.0,686100.0,35.0,25.20965476139798,30.445702609510025,23491.0,11,40,55015.38461538461,0.5108339364011749,2428.3414634146343,1.0,wqsR4bDDV_frkHbQs2hXfA,Seek Studio,84105,40.7313623286872,-111.8599823
mind_body,0,120854.0,838600.0,33.6,22.885216614560072,29.28539526574363,22390.0,3,24,72855.55555555556,0.35730236712818225,4834.16,1.0,tBSMjAjycSiePXIn7NAR5Q,Total Body Pilates,84108,40.7262374,-111.82475
general_gym,0,52199.0,548700.0,29.4,20.48250519252277,52.65484369175054,18777.0,14,59,109855.55555555556,0.4260531501304788,869.9833333333333,1.0,O0zwaHiBc_3JoJRDkqMHNQ,Orangetheory Fitness,84102,40.75745,-111.87357
other,0,65548.0,434700.0,33.0,15.275950418946058,34.35703898621979,28882.0,1,44,52226.31578947369,0.6232255383976179,1456.6222222222223,1.0,TlnNVgPMdmv6fyV1Kh5TGw,The Front Climbing Club - Salt Lake City,84115,40.73783246834809,-111.90276493230492
mind_body,0,52199.0,548700.0,29.4,20.48250519252277,52.65484369175054,18777.0,14,59,109855.55555555556,0.4260531501304788,869.9833333333333,1.0,PKEFzsT02Uhm-vgJO3HfEw,CorePower Yoga - Trolley Square,84102,40.75767978988558,-111.87355664397144
martial_arts,0,101551.0,567900.0,35.4,25.624059296282624,29.804333626785564,35213.0,13,50,28364.864864864863,1.0223497003947406,1991.1960784313726,1.0,1PXsk1GNSsHOZpf6Kjo_Tw,TITLE Boxing Club,84106,40.725845,-111.869864
mind_body,0,99562.0,686100.0,35.0,25.20965476139798,30.445702609510025,23491.0,2,56,55015.38461538461,0.5108339364011749,1746.701754385965,1.0,xo79B7SHpD7vrv2nwWhD8g,Centered City Yoga,84105,40.74961274056896,-111.86470183754794
general_gym,0,101551.0,567900.0,35.4,25.624059296282624,29.804333626785564,35213.0,2,50,28364.864864864863,1.0223497003947406,1991.1960784313726,1.0,r-xqdtxCVDrR7MBH43jkNw,X365 Fitness,84106,40.71368338878701,-111.8559969
general_gym,0,99562.0,686100.0,35.0,25.20965476139798,30.445702609510025,23491.0,4,52,55015.38461538461,0.5108339364011749,1878.5283018867924,1.0,KAcsFyJNH2N7m4yl9i6EYA,F45 Training Sugarhouse,84105,40.726107588206,-111.847806
mind_body,0,101551.0,567900.0,35.4,25.624059296282624,29.804333626785564,35213.0,11,54,28364.864864864863,1.0223497003947406,1846.3818181818183,1.0,claJBPHhTbu7rmy79_zpsA,YogaSix Sugarhouse,84106,40.72392,-111.85918
mind_body,0,120854.0,838600.0,33.6,22.885216614560072,29.28539526574363,22390.0,4,22,72855.55555555556,0.35730236712818225,5254.521739130435,1.0,3oqOtvDs6OmS3FN48CIUgA,Salt Lake Lagree,84108,40.74113936595315,-111.83105452727987
general_gym,0,95519.0,417100.0,32.2,11.378321171948976,23.19250264579736,71812.0,1,7,104093.75,0.20887873892942682,11939.875,1.0,QIqLgzyYeu2c4jkaRfS4jg,Anytime Fitness,84015,41.13902478456726,-112.06049248635304
other,0,80758.0,439900.0,31.5,11.752893195039643,26.675361778771503,48303.0,6,14,64425.0,0.39335030950458566,5383.866666666667,1.0,XOL-h9wnoethprvLaGPRew,The Front Climbing Club - Ogden,84401,41.2309700549802,-111.975291376275
mind_body,0,80758.0,439900.0,31.5,11.752893195039643,26.675361778771503,48303.0,6,19,64425.0,0.39335030950458566,4037.9,1.0,OQiXqvJNZr1j7gaS3zWqvA,Higher Ground Hot Yoga,84401,41.22061,-111.97826
other,0,95519.0,417100.0,32.2,11.378321171948976,23.19250264579736,71812.0,0,13,104093.75,0.20887873892942682,6822.785714285715,0.0,Qt6syJvPi5b_5D9HVd4M_g,VASA Fitness - Clinton,84015,41.1521753,-112.0624408
general_gym,0,91115.0,382600.0,33.0,10.398515234314583,23.570655255967417,38794.0,6,12,65314.28571428572,0.3351033664999742,7008.846153846154,0.0,7kSEJUVtojuYwtj2HHkVZg,EōS Fitness,84067,41.158793,-112.027924
general_gym,0,80758.0,439900.0,31.5,11.752893195039643,26.675361778771503,48303.0,8,17,64425.0,0.39335030950458566,4486.555555555556,0.0,wfwZwztjPq31dNhpIam7xg,EōS Fitness,84401,41.225293,-111.971952
general_gym,0,128910.0,784800.0,34.3,20.65316838378615,19.990850869167428,50278.0,7,12,43699.99999999999,0.43756712677513027,9916.153846153846,0.0,_aP3X7uI9cFU_fJ12wovkw,Treehouse Athletic Club,84020,40.5292015785177,-111.859260540475
personal_training,0,128910.0,784800.0,34.3,20.65316838378615,19.990850869167428,50278.0,4,12,43699.99999999999,0.43756712677513027,9916.153846153846,1.0,kEO0P9hGj5plK9JNecqJKw,Orangetheory Fitness Draper,84020,40.50095,-111.88758
general_gym,0,128910.0,784800.0,34.3,20.65316838378615,19.990850869167428,50278.0,4,16,43699.99999999999,0.43756712677513027,7582.941176470588,0.0,y0JIMu87lLswqQePQ1jWBQ,VASA Fitness - Draper,84020,40.531071,-111.887938
general_gym,0,134375.0,636700.0,34.1,18.893822148928074,14.288976278066723,39415.0,4,21,28160.0,0.48204998097171126,6107.954545454545,0.0,aMbkXq6KhKiNwFzHau6RRg,VASA Fitness - Kaysville,84037,41.03847,-111.94085
mind_body,0,101551.0,567900.0,35.4,25.624059296282624,29.804333626785564,35213.0,5,35,28364.864864864863,1.0223497003947406,2820.8611111111113,1.0,27F77805UbpazzRKgDIRtA,Ritual Hot Yoga - Salt Lake City,84106,40.69236230398099,-111.8487055523654
climbing_outdoor,0,75571.0,582000.0,23.4,14.24385442995504,44.41138971525712,44707.0,2,21,124093.75,0.33551792784127765,3435.0454545454545,1.0,oy1xdFEQpPiKY3Excos6bw,The Quarry,84604,40.2649049,-111.6697406
general_gym,0,101551.0,567900.0,35.4,25.624059296282624,29.804333626785564,35213.0,13,48,28364.864864864863,1.0223497003947406,2072.469387755102,1.0,dIWuc1S5uZQ9HDY2YvWgug,K Effect Training,84106,40.70291,-111.85916
mind_body,0,75571.0,582000.0,23.4,14.24385442995504,44.41138971525712,44707.0,3,11,124093.75,0.33551792784127765,6297.583333333333,1.0,KIGEwfvhL2djSJzEcIP1yQ,3B Yoga,84604,40.2985456,-111.6580047020616
general_gym,0,87813.0,648900.0,40.9,24.171337069655724,20.144115292233785,24980.0,6,14,26484.210526315783,0.7205764611689351,5854.2,1.0,gD8Je8usDaUw3MtF8Fx_lw,Orangetheory Fitness,84117,40.66947,-111.82415
mind_body,0,128295.0,1795000.0,49.4,32.77642417913911,15.697876783849637,8619.0,7,20,5412.0,2.7845457709711106,6109.285714285715,1.0,ZpH9dmR0rrEb1_7EYZ5ttg,The Shop,84060,40.65032,-111.50286
martial_arts,0,174119.0,1207200.0,42.3,29.405118632411455,14.99238591148008,20357.0,0,1,11303.703703703704,1.277201945276809,87059.5,1.0,uZiiVMHz822g8apeYXTO3w,Park City Jiu Jitsu,84098,40.7233382,-111.4869298
mind_body,0,174119.0,1207200.0,42.3,29.405118632411455,14.99238591148008,20357.0,3,3,11303.703703703704,1.277201945276809,43529.75,1.0,_P9Vt5nDtR3YYIv9qZCGYQ,Yoga Mastery Institute,84098,40.750914434168955,-111.572402
other,0,151343.0,891500.0,40.0,26.15249524367042,11.503000146348604,6833.0,0,0,26200.0,0.2926972047416947,151343.0,1.0,ABKfuZPebnRcYMcwAe5o-Q,Park City Yoga Adventures,84049,40.632379,-111.441694
other,2,128295.0,1795000.0,49.4,32.77642417913911,15.697876783849637,8619.0,11,20,5412.0,2.7845457709711106,6109.285714285715,1.0,XLZen65HVcBddtr00ftgfg,Now and Zen Massage,84060,40.663453,-111.493592
mind_body,0,174119.0,1207200.0,42.3,29.405118632411455,14.99238591148008,20357.0,14,19,11303.703703703704,1.277201945276809,8705.95,1.0,iyl5pp_3FMvW_Lr43_cniQ,Salt Pilates,84098,40.720173,-111.542444
general_gym,0,128295.0,1795000.0,49.4,32.77642417913911,15.697876783849637,8619.0,11,20,5412.0,2.7845457709711106,6109.285714285715,1.0,xZYD_VhZOn9pWVTbiLa-ng,CrossFit MinersTown Strength & Conditioning,84060,40.66077,-111.506127
other,0,174119.0,1207200.0,42.3,29.405118632411455,14.99238591148008,20357.0,14,19,11303.703703703704,1.277201945276809,8705.95,1.0,VKVabnpMFeBqnRmUFVzJ2Q,Pure Barre,84098,40.7232268,-111.5420325
general_gym,0,174119.0,1207200.0,42.3,29.405118632411455,14.99238591148008,20357.0,14,19,11303.703703703704,1.277201945276809,8705.95,0.0,ykzvwtiVfW_gG02pO5okww,Silver Mountain Sports Club,84098,40.72485146543187,-111.54182727055225
general_gym,0,128365.0,542500.0,36.3,19.16938510645761,20.17959240941457,28509.0,5,6,143825.0,0.10522992739135009,18337.85714285714,0.0,5oSyXTidRxtO3dbDoLZaHQ,Anytime Fitness,84040,41.1000011,-111.9424875
personal_training,0,89604.0,443100.0,30.8,11.31569409206234,23.948894527002537,55180.0,1,19,52860.0,0.43494019572308806,4480.2,0.0,RdHygla3Xu6h9lMvHp0pXA,VASA Fitness - Layton,84041,41.09085,-111.999803
mind_body,0,82780.0,440200.0,28.4,17.347685800276565,28.516038068382095,36881.0,6,31,43820.833333333336,0.6236273419918115,2586.875,1.0,vDdZjUsBXDpVd7y4yj1lOQ,InBalance Wellness and Yoga,84057,40.313432,-111.707028
general_gym,0,82780.0,440200.0,28.4,17.347685800276565,28.516038068382095,36881.0,6,30,43820.833333333336,0.6236273419918115,2670.3225806451615,0.0,kKhYtuAyBorRpPKbNlXuJA,Planet Fitness,84057,40.299915100000035,-111.69797347547332
mind_body,0,52811.0,443600.0,23.1,12.022975623423928,62.85514149621743,35690.0,2,6,280412.5,0.1961333706920706,7544.428571428572,1.0,477TmE-gGd0FvtNTrovbcQ,The Yoga Underground,84606,40.239807,-111.642414
general_gym,0,95844.0,434000.0,35.6,11.281448640564072,19.41135623097057,37442.0,3,15,66072.72727272728,0.267079750013354,5990.25,0.0,lrR7nHfAnmyqKJhRYDe_QQ,VASA Fitness - Taylorsville,84129,40.6540870666504,-111.985427856445
general_gym,0,96056.0,459400.0,34.5,11.448227759812314,23.372011920613787,31542.0,1,14,105314.28571428572,0.19022256039566293,6403.733333333334,0.0,WZQSPiUp5ECpBQN3GgJOXA,EōS Fitness,84084,40.62164021253717,-111.97767310318532
general_gym,0,94306.0,413600.0,31.3,6.246185948542294,22.583121714994387,50799.0,1,4,163885.7142857143,0.11811256127089116,18861.2,0.0,685Y5TX2BHZBpzjaqrH_bw,VASA Fitness - West Valley City,84120,40.6979833,-112.0260185
general_gym,0,96056.0,459400.0,34.5,11.448227759812314,23.372011920613787,31542.0,1,16,105314.28571428572,0.19022256039566293,5650.35294117647,0.0,LD389V3iSnxUd1c80FBKGA,Planet Fitness,84084,40.6158391,-111.9782139
general_gym,0,71378.0,382600.0,30.7,8.106650689035352,25.604154184142203,50070.0,1,5,116545.45454545454,0.19972039145196724,11896.333333333334,0.0,69-B0Q_J8TIUCTAv-VnH6A,VASA Fitness - West Valley,84119,40.6949132,-111.9741402
general_gym,0,71378.0,382600.0,30.7,8.106650689035352,25.604154184142203,50070.0,0,8,116545.45454545454,0.19972039145196724,7930.888888888889,0.0,drlqdCsi8dVNcr8Dm9GTtw,Planet Fitness,84119,40.69075684,-111.95698214
general_gym,0,106732.0,528700.0,36.5,19.111498891191335,21.372741483985894,27507.0,1,24,45223.07692307692,0.4362525902497546,4269.28,0.0,MgOWNoxFY0A7TM9do5CGzw,VASA Fitness - Sandy,84094,40.6065340043134,-111.854436538658
general_gym,0,87813.0,648900.0,40.9,24.171337069655724,20.144115292233785,24980.0,3,16,26484.210526315783,0.7205764611689351,5165.470588235294,0.0,roKi_0acotWVQj0IzXYVPw,EōS Fitness,84117,40.650493,-111.86739
personal_training,0,65548.0,434700.0,33.0,15.275950418946058,34.35703898621979,28882.0,2,27,52226.31578947369,0.6232255383976179,2341.0,1.0,BxbL_sSn_ihCuy4wXYP8OQ,Iron Allies Fitness,84115,40.687680274504466,-111.883243
general_gym,0,126968.0,718200.0,39.1,19.50586525485311,16.529118654624728,38532.0,1,12,30328.571428571428,0.5190491020450535,9766.76923076923,0.0,F663vb20Ww_3wrpzGdMU2Q,Life Time,84095,40.551904,-111.918433
general_gym,0,115515.0,659900.0,41.1,24.097964638157897,18.493009868421055,38912.0,1,16,39977.77777777778,0.4368832236842105,6795.0,0.0,2zzd75E5paPzmbDPXbyZCQ,Cottonwood Heights Community Recreation Center,84121,40.615181,-111.815983
general_gym,0,101551.0,567900.0,35.4,25.624059296282624,29.804333626785564,35213.0,2,47,28364.864864864863,1.0223497003947406,2115.6458333333335,1.0,WGObQxXRjM94saham11mxA,UTE Crossfit,84106,40.7003648,-111.87325150429918
mind_body,0,101551.0,567900.0,35.4,25.624059296282624,29.804333626785564,35213.0,14,43,28364.864864864863,1.0223497003947406,2307.9772727272725,1.0,UKrYF8zCRlBL1wK8L3-dMA,CorePower Yoga - Highlands SLC,84106,40.702428,-111.85247
general_gym,0,72735.0,499300.0,31.8,23.89937106918239,48.15051700245176,9381.0,13,53,19639.130434782608,2.3451657605798957,1346.9444444444443,0.0,nz1yt19QI3-8hOwu2nx9eQ,The Gym,84101,40.7655,-111.893465
general_gym,0,94194.0,556300.0,29.3,18.053742629517934,24.818832425620023,22217.0,5,25,45950.0,0.49511635234280055,3622.846153846154,0.0,-MvBi6YGLZw47W1eGq8sXA,VASA Fitness Orem - University,84097,40.3114710905209,-111.694564137136
general_gym,0,82780.0,440200.0,28.4,17.347685800276565,28.516038068382095,36881.0,3,23,43820.833333333336,0.6236273419918115,3449.1666666666665,0.0,IIyJn89yledA0AlsFEhAfg,VASA Fitness - Orem,84057,40.325794,-111.70988
personal_training,0,58617.0,243800.0,37.6,8.687317896028217,18.110719214844348,13042.0,4,5,29525.0,0.5367274957828554,9769.5,1.0,eq8Xe3BjBEb35PyI1KC18g,Tougher Personal Training,84501,39.59970612697956,-110.80967
personal_training,0,88236.0,422900.0,34.8,14.689430290819438,25.15044670077676,37721.0,1,9,63246.66666666667,0.37114604596908884,8823.6,0.0,w0PHE2q1n5371H5rkyqxBg,Planet Fitness,84403,41.19149167264029,-111.97273021224817
personal_training,0,78991.0,461900.0,32.3,14.882515095825678,23.601995274350223,30472.0,3,18,44950.0,0.4922551850879496,4157.421052631579,0.0,rUVt3rNKdsRS00kZ6DI8eA,Amplified Fitness,84070,40.57905,-111.90907
general_gym,0,108341.0,422600.0,32.4,9.198405520383211,20.927544970354734,59706.0,3,8,78093.75,0.2512310320570797,12037.888888888889,0.0,UXfbvSJkBCKyhB3UQOr4oQ,VASA Fitness - Tooele,84074,40.5353574,-112.2982785
general_gym,0,105142.0,482500.0,34.5,12.977974915876414,21.211889466707454,39228.0,2,19,37822.72727272727,0.5353319057815846,5257.1,0.0,oA8l3I3m79Fq75J_oLOmAA,VASA Fitness West Jordan,84088,40.608668,-111.940318
general_gym,0,95844.0,434000.0,35.6,11.281448640564072,19.41135623097057,37442.0,5,14,66072.72727272728,0.267079750013354,6389.6,0.0,_mjE0cDyGtdInrOwZq5gNA,Planet Fitness,84129,40.65421,-111.9415
general_gym,0,106732.0,528700.0,36.5,19.111498891191335,21.372741483985894,27507.0,0,16,45223.07692307692,0.4362525902497546,6278.35294117647,0.0,85VfsxmZKJg1MaExjgJtpQ,EōS Fitness,84094,40.56293398560531,-111.85101542111484
general_gym,0,128192.0,632100.0,34.3,16.644342893161046,18.113772455089823,50768.0,1,14,65685.71428571429,0.25606681374093915,8546.133333333333,0.0,I18RU1CfqAgniCoMCSrdtw,Anytime Fitness,84065,40.52252,-111.95824
general_gym,0,74553.0,472400.0,25.0,15.011823698680873,39.570927946665144,35099.0,8,23,126263.63636363634,0.2849084019487735,3106.375,0.0,WXXZDZXEDKHaZKSsarPHYA,EōS Fitness,84058,40.271844,-111.69307
general_gym,0,52199.0,548700.0,29.4,20.48250519252277,52.65484369175054,18777.0,8,56,109855.55555555556,0.4260531501304788,915.7719298245614,0.0,cC_zvJ0gCnqkJCXtfYDWAw,EōS Fitness,84102,40.757975,-111.87047
general_gym,0,101551.0,567900.0,35.4,25.624059296282624,29.804333626785564,35213.0,2,20,28364.864864864863,1.0223497003947406,4835.761904761905,0.0,quNIUDglqKfmfxaoCwHPxg,Anytime Fitness,84106,40.72535,-111.82375
personal_training,0,99562.0,686100.0,35.0,25.20965476139798,30.445702609510025,23491.0,9,54,55015.38461538461,0.5108339364011749,1810.2181818181818,1.0,FqYvAqhTKkqXb6SK1s3dAg,Pinnacle Performance,84105,40.73665,-111.85942
martial_arts,0,101551.0,567900.0,35.4,25.624059296282624,29.804333626785564,35213.0,9,53,28364.864864864863,1.0223497003947406,1880.5740740740741,0.0,YraunqNoi1Rb6eeoxA7TOA,Fairmont Aquatic Center,84106,40.72226,-111.86102
general_gym,0,120854.0,838600.0,33.6,22.885216614560072,29.28539526574363,22390.0,5,19,72855.55555555556,0.35730236712818225,6042.7,0.0,RmuwaCx1d4a05ZUksY08Nw,Bodywise Fitness,84108,40.7396363,-111.827483
mind_body,0,101551.0,567900.0,35.4,25.624059296282624,29.804333626785564,35213.0,1,52,28364.864864864863,1.0223497003947406,1916.0566037735848,1.0,0hhn30cI72QnBW5INhIc8A,The Point Pilates,84106,40.712864840983656,-111.86527833224208
general_gym,0,101551.0,567900.0,35.4,25.624059296282624,29.804333626785564,35213.0,14,49,28364.864864864863,1.0223497003947406,2031.02,0.0,4eKKuk9qEmINX6w5kVXpLg,VASA Fitness - Brickyard,84106,40.701455,-111.858156
general_gym,0,101551.0,567900.0,35.4,25.624059296282624,29.804333626785564,35213.0,2,47,28364.864864864863,1.0223497003947406,2115.6458333333335,0.0,fFNBtTf1EImtXALpuSmNUQ,Planet Fitness,84106,40.7006437,-111.87337131396464
other,0,87813.0,648900.0,40.9,24.171337069655724,20.144115292233785,24980.0,3,18,26484.210526315783,0.7205764611689351,4621.736842105263,0.0,g4dPQBW1dMSqi7eS3Y8AsQ,The Sports Mall,84117,40.6522775,-111.8650777
personal_training,0,72108.0,458300.0,35.7,18.558695140758555,28.24319732336566,38257.0,3,15,83115.38461538461,0.31366808688606007,4506.75,0.0,HsDDxlHNy65BuMKzTzc5Xg,Planet Fitness,84107,40.63996145243196,-111.8906497958236
general_gym,0,52952.0,440200.0,32.6,25.77843842904084,44.10107964324832,12782.0,14,56,37580.0,1.095290251916758,928.9824561403509,0.0,UxXA5nZeWsx9BbC9N2pVRg,Planet Fitness,84111,40.76100337346323,-111.88597656806787
general_gym,0,87813.0,648900.0,40.9,24.171337069655724,20.144115292233785,24980.0,1,20,26484.210526315783,0.7205764611689351,4181.571428571428,0.0,Uj1zyG78mtvablSwQCXkRQ,VASA Fitness Murray - Van Winkle,84117,40.6512201,-111.8513062
general_gym,0,81271.0,464500.0,34.7,13.40745938360231,25.4196577967291,37054.0,4,14,188380.00000000003,0.10795055864414098,5418.066666666667,0.0,BywznA0C3CoTEnlnCQV0bg,EōS Fitness,84123,40.650217,-111.942401
general_gym,0,69148.0,400500.0,23.9,12.23163513983985,36.7335886426057,51702.0,2,14,105511.11111111112,0.3288073962322541,4609.866666666667,0.0,lDFC0qnAeuin62UNpxtidg,KUBEX Fitness,84321,41.748745,-111.8386931
general_gym,0,69148.0,400500.0,23.9,12.23163513983985,36.7335886426057,51702.0,5,11,105511.11111111112,0.3288073962322541,5762.333333333333,0.0,pYCEIE_zHBMgQ6ONKoYUuw,Planet Fitness,84321,41.71356847667204,-111.83627518532002
general_gym,0,85057.0,396800.0,34.3,10.85647348581555,21.90818027542914,66587.0,0,14,145880.0,0.13516151801402676,5670.466666666666,0.0,6Je0OOZbnnDJGBDCKDmvsA,VASA Fitness - Ogden,84404,41.245158,-111.967953
mind_body,0,68444.0,549400.0,40.6,18.25224374114313,20.746339159187528,10585.0,7,11,14639.999999999998,1.3226263580538498,5703.666666666667,1.0,gImsCGfVkdvmq6-ZJYYDKQ,Moab Yoga,84532,38.573315218091,-109.550013318658
general_gym,0,52811.0,443600.0,23.1,12.022975623423928,62.85514149621743,35690.0,2,6,280412.5,0.1961333706920706,7544.428571428572,0.0,8enPIfKhnbQWUlNNtTAwRg,VASA Fitness - Provo,84606,40.2402918,-111.6421309
general_gym,0,90252.0,455800.0,28.7,14.914243102162567,23.669456182506146,36207.0,1,13,47611.11111111111,0.4695224680310437,6446.571428571428,0.0,aldwZMVddSl1JtmI5jEqMw,Anytime Fitness,84663,40.16147439025037,-111.5984023
general_gym,0,104355.0,489000.0,28.3,15.381923718173024,20.34044830496264,48583.0,6,13,61762.5,0.3087499742708355,7453.928571428572,0.0,5Wh3wdXeAwQzh6ouTp9MCw,VASA Fitness Spanish Fork,84660,40.118132141585946,-111.63980220559962
martial_arts,0,104355.0,489000.0,28.3,15.381923718173024,20.34044830496264,48583.0,6,13,61762.5,0.3087499742708355,7453.928571428572,0.0,yq3J7JRH8aqNB7ZHxmQkuQ,Bobby Lawrence Karate Schools,84660,40.122572891394,-111.640413480599
other,1,67670.0,420000.0,29.5,12.085732067838803,26.99159794616462,25708.0,4,14,49564.285714285725,0.50567916601836,4511.333333333333,1.0,p0RIAexkAK_9zplkeNGomA,Bristlecone Company,84720,37.6772092,-113.0629215
martial_arts,0,67670.0,420000.0,29.5,12.085732067838803,26.99159794616462,25708.0,2,10,49564.285714285725,0.50567916601836,6151.818181818182,1.0,gn3MmVm3PXEJIAiiPpEjOQ,Mixed Grappling Arts - Brazilian Jiu Jitsu,84720,37.66168058682063,-113.06937911007763
general_gym,0,67670.0,420000.0,29.5,12.085732067838803,26.99159794616462,25708.0,2,9,49564.285714285725,0.50567916601836,6767.0,0.0,drJ1R2s5QL23qvsECgvStQ,VASA Fitness - Cedar City,84720,37.6582987,-113.0827093
mind_body,0,63333.0,760200.0,52.8,9.95475113122172,21.87028657616893,663.0,3,3,3625.0,4.524886877828055,15833.25,1.0,jm5b9Mex706cS9ktl7yLnQ,Massage Zion,84767,37.18720293239167,-113.0001983
martial_arts,0,75545.0,460400.0,42.4,12.447144792479166,16.412824828605444,24359.0,0,0,33316.666666666664,0.45157847202266105,75545.0,1.0,U5GXTd-ZPSg_IGRPeFmggw,Bear Pit & The Modern Day Spartans,84737,37.166575,-113.425335
climbing_outdoor,0,91054.0,552700.0,38.4,15.315250840907463,16.53725041150791,55892.0,3,12,29816.129032258064,0.5367494453589065,7004.153846153846,1.0,zUK5IcQoMvbvaOdS4nTQ9w,Contact Climbing Gym,84790,37.12325978489705,-113.52479204064318
general_gym,0,91054.0,552700.0,38.4,15.315250840907463,16.53725041150791,55892.0,0,13,29816.129032258064,0.5367494453589065,6503.857142857143,1.0,XAANnIWWBW6dIr86zSMjzw,Fitness Culture,84790,37.114133765431006,-113.5198830697091
general_gym,0,75545.0,460400.0,42.4,12.447144792479166,16.412824828605444,24359.0,5,10,33316.666666666664,0.45157847202266105,6867.727272727273,1.0,K9QWxbAvL878ielT8_T7cw,Anytime Fitness,84737,37.1769981384277,-113.295356750488
martial_arts,0,91054.0,552700.0,38.4,15.315250840907463,16.53725041150791,55892.0,4,20,29816.129032258064,0.5367494453589065,4335.9047619047615,1.0,DmgYdp-T45S4-bDL0Ex3VA,Red Rock Martial Arts,84790,37.10774,-113.56142
mind_body,0,91054.0,552700.0,38.4,15.315250840907463,16.53725041150791,55892.0,3,17,29816.129032258064,0.5367494453589065,5058.555555555556,1.0,RcuZZHgUjCJR00rMkf9jkw,Sun Rock Yoga,84790,37.1000435894623,-113.539462929548
other,0,70024.0,458300.0,38.3,13.899621877389096,20.796743599809904,48397.0,4,17,41937.49999999999,0.4752360683513441,3890.222222222222,1.0,Cq29cyQFyG0Z8vHOao9w7A,ZACI Yoga,84770,37.1147552313139,-113.595572955847
martial_arts,0,91054.0,552700.0,38.4,15.315250840907463,16.53725041150791,55892.0,2,15,29816.129032258064,0.5367494453589065,5690.875,1.0,0kgzZzAVXx2LIH2iJI7oOQ,Ace Martial Arts,84790,37.122912,-113.531844
general_gym,0,70024.0,458300.0,38.3,13.899621877389096,20.796743599809904,48397.0,4,16,41937.49999999999,0.4752360683513441,4119.058823529412,0.0,UObLcIKRv4804o1tnNKZvg,Performance Fitness PF247,84770,37.1181134,-113.5963249
general_gym,0,91054.0,552700.0,38.4,15.315250840907463,16.53725041150791,55892.0,0,17,29816.129032258064,0.5367494453589065,5058.555555555556,0.0,3DaB8fB2_6CYJSrXfMJSCQ,Summit Athletic Club,84790,37.083609184550824,-113.55118660584672
general_gym,0,91054.0,552700.0,38.4,15.315250840907463,16.53725041150791,55892.0,0,16,29816.129032258064,0.5367494453589065,5356.117647058823,0.0,LfmfN16wFcvlpQ8oHvUqtg,VASA Fitness - Saint George,84790,37.11673,-113.541999
general_gym,0,91054.0,552700.0,38.4,15.315250840907463,16.53725041150791,55892.0,0,1,29816.129032258064,0.5367494453589065,45527.0,1.0,XGVXeChEuzX6W1HzkyYIzw,Burn Boot Camp,84790,37.0506219,-113.5224795
